# name	foreign_files	total_files	top_upstream_owners -- from scripts/audit-deb-contents.py over the full pool, 2026-08-28
arpack-ng	19774	19918	ruby-ri,ruby,asciidoctor
faust	15781	17758	emscripten,emscripten-tests-third-party,imagemagick
cargo-leptos	5994	6015	cgal,cdk,cc65
gauche	5967	9524	erlang,erlang-doc,guile
libtsduck	4323	5332	libvxl,dcmtk,libwv
cfengine	3907	4065	cgal,cfm,dash
cookcli	2559	2570	postgresql,openldap,cppcheck
forgejo	2138	2212	faust,termux-api,faustlibraries
dart	2075	3115	crystal,debootstrap,dex2jar
cppi	2024	2039	postgresql
apkeep	1712	1738	apache2,appstream,argon2
difftastic	1690	1698	crystal
emscripten	1657	10538	espeak,gsl,imagemagick
librocksdb	1491	2826	libpoco,gstreamer,graphene
biome2	1265	1271	espeak,gsl,botan3
swiftshader	987	990	mercury
mercury	964	3948	gauche,scala,llbuild
libspatialite	924	2026	gst-plugins-base,librocksdb,gstreamer
dcmtk	809	2166	libwv,libwolfssl,libxcursor
crystal	762	2481	php,debootstrap,dex2jar
erlang	755	4904	gradle,mbedtls,groovy
libtd	726	832	libtorrent-rasterbar,libtiledb,libtvision
php	672	1028	crawl,csol,cronie
chicken	603	752	autoconf-archive,jsoncpp,dash
elixir	592	1315	autoconf-archive,dash
jsoncpp	591	608	autoconf-archive
caddy	545	548	calc,calcurse,calcurse-caldav
cccc	476	477	cc65
csview	374	380	php,php-fpm,php-pgsql
libnova	349	392	slang,libnl,libnl-cli
ccls	323	329	gpac
2ping	280	304	0verkill,2048-c,dash
libntl	278	409	libopencc,libopenfec,liboggz
fresh-editor	276	476	frei0r-plugins,frobtads,frp
6tunnel	272	274	0verkill
libpoco	261	1193	libretls,libyaml-cpp,libpinyin
corgi	255	259	openldap
findomain	239	570	imagemagick,emscripten-llvm,dash
gstreamer	229	386	librocksdb
atuin	221	225	aubio,avra,babl
libvxl	198	1727	libxmlrpc,libzxing-cpp,libxmlb
libopusenc	197	200	libosmium,dash
broot	196	201	botan3,bsd-finger,dash
c-toxcore	184	191	byobu,cabextract,dash
libprotobuf-c	175	183	libneon,dash
gdb	161	250	cfengine,chrony,ckermit
libnl	153	294	slang,libnftnl
postgresql	149	2217	cppcheck,cowsay,corrosion
agg	139	144	alembic,age,aha
btfs2	138	149	e2fsprogs,btrfs-progs,krb5
atool	131	147	asymptote
ecl	120	4426	chicken,cmake,cmake-curses-gui
tsduck-tools	120	202	dcmtk,wv-tools,libvisio
libspice-server	119	132	libt3highlight,libt3key,libspatialite
cli11	118	152	clifm,clamav,cgdb
angle-grinder	116	359	angband,android-tools,ani-cli
clamav	116	171	gdb,clblast,cgdb
libpinyin	115	148	libpipeline,libprotozero,dos2unix
libtorrent	114	195	libtiledb,dash
ruby	109	2826	aspell,asciinema,asm-lsp
android-tools	96	443	angband,mkbootimg,amber
colm	96	175	coinor-cbc,colordiff,dash
binaryen	95	111	bitlbee,blackbox,blogc
openldap	88	419	colm,console-bridge,convertlit
ansifilter	86	91	ant,angle-grinder,dash
7zip	83	84	aalib,8086tiny,dash
cmake	81	4194	chicken,dash
libtsduck-static	71	75	libxmlrpc-static,liburcu-static,libtd-static
fact++	70	73	exiv2
8086tiny	69	73	aalib
libsass	67	85	libsasl,libsearpc,dash
faust-static	60	70	finch-static,imagemagick-static,fcgi-static
botan3	59	254	btrfs-progs,clpeak,cloneit
libpangomm-2.48	58	121	libpangomm-1.4
cargo-cache	55	61	catdoc,dash
libvigra	55	290	libtranscript
bore	54	56	boinc,dash
apache2	52	1707	appstream,apksigner
composer	50	51	ctags,ctypes-sh,dash
libspatialindex	47	87	libsoup3
librnnoise	45	48	libyaml-cpp,dash
agate	42	43	aerc
libpaper	42	51	libpano13,dash
libwpg	41	49	liboggz,dash
libt3config	41	47	liborc
slang	39	178	libnfs,libnftnl,dash
librocksdb-static	36	37	libsasl-static,libsoundtouch-static,librttopo-static
libodfgen	36	45	marisa,libolm,dash
libtorrent-rasterbar	36	398	libtpms,dash
flyctl	35	37	fluidsynth,yazi,fm
libnova-static	34	36	libnl-cli-static,libnl-static
cryptopp	32	230	cmus
libt3key	32	64	libspatialite
libpsl	32	39	libpinyin
libtiledb	25	139	libtomcrypt,libtommath,libtinyxml
distant	24	25	distcc,dmagnetic,diskus
libshout	22	29	libsignal-protocol-c,dash
libvxl-static	22	22	libxmlrpc-static,libyaml-static,libxmp-static
appstream	21	71	apache2
dopewars	21	39	dosfstools,dash
libosmpbf	19	25	libprotozero,dash
aria2	18	21	arj,aptly,artalk
dotconf	18	22	dopewars
leveldb	18	38	librinutils,dash
bear	17	23	bat,biboumi,bftpd
bat	17	24	bc-gh,bftpd,bcal
ack-grep	16	17	acr,dash
cava	16	18	cavez-of-phear
bgrep	16	18	biboumi,bear,bat
aerc	15	57	adms,dash
libisoburn	15	21	xorriso
libsass-static	15	18	libsasl-static,libsearpc-static
audiofile	14	23	arpack-ng
cavif	14	17	gnuchess,cboard,cbonsai
libsoup3	14	62	libsoundtouch,dash,libspatialindex
libtd-static	14	26	libmagic-static,libtasn1-static,libtomcrypt-static
dnsutils	13	322	dart
biome2-static	13	14	gsl-static,espeak-static,enchant-static
swiftshader-static	13	14	mercury-static
asymptote	12	144	atool,atomvm,atomicparsley
cookcli-static	12	14	postgresql-static,openldap-static,tidy-static
croc	12	13	cronie,dash
libspatialite-static	11	14	libspectre-static,libspeex-static,libstrophe-static
alsa-utils	10	75	alpine
gauche-static	10	15	erlang,guile-static,gnucobol-static
dnglab	10	25	dns2tcp,dnote,dnote-server
dcmtk-static	10	11	libxcursor-static,libwavpack-static,libwv-static
crawl	10	643	tidy,postgresql,dash
libsecret	10	37	libsecp256k1
libnats-c	10	21	libnet
libpoco-static	10	10	libpinyin-static,libpsl-static,librasqal-static
libseccomp	9	49	libsass
libretls	9	101	librasqal,roqet
libopencc	9	77	libodfgen
fm	8	9	yazi
libolm	8	21	libwpg,dash
aptly	7	11	argon2,apkeep,dash
arpack-ng-static	7	7	aspell-static,libtirpc-static,aubio-static
cppi-static	7	9	postgresql-static
bore-static	7	8	boinc
libntl-static	7	8	libodfgen-static,libopusenc-static,libwpg-static
libsigsegv	7	9	libshout
libtdb	7	12	libtermkey,libthread-db,clipp
gst-plugins-base	6	298	libstemmer,dash,stemwords
cargo-binstall	6	7	cargo-c,carapace,dash
file	6	8	libmagic
byacc	6	9	bvi
findomain-static	6	6	imagemagick-static
libpinyin-static	6	8	libpipeline-static,libpsl-static,libpngwriter-static
aalib	5	83	8086tiny,dash
colm-static	5	10	coinor-cbc-static
crowbook	5	6	crunch,llvm,dash
libiodbc	5	22	unixodbc
libpluto	5	11	libpngwriter
libspice-server-static	5	7	libspatialite-static,libt3highlight,libt3key
alembic	4	137	alass,algernon,dash
arturo	4	125	ascii,asciidoc,dash
vulkan-loader-android	4	4	vulkan-loader-generic,dash
openldap-static	4	8	colm-static
coinor-cbc	4	95	codecrypt,cointop,dash
cvs	4	32	d8,dash
cc65	4	481	ccache,cavif,dash
btfs2-static	4	4	e2fsprogs
biboumi	4	11	bear
bastet	4	8	base16384,dash
boinc	4	140	bombadillo,dash,blueprint-compiler
forgejo-static	4	5	faust-static
libsophia	4	7	libslirp
libnfc	4	51	libpopt
libtorrent-rasterbar-static	4	4	libtorrent-static,libtpms-static
abootimg	3	6	abook
atuin-static	3	3	audiofile-static,aubio-static
abook	3	6	abduco,dash
amber	3	5	amfora,dash
cargo-leptos-static	3	3	cfengine-static,gpac-static
ruby-static	3	4	aspell-static
bcal	3	6	bc-gh
bmon	3	34	pygobject,dash
barcode	3	7	atuin
libosmium	3	199	libopusenc
libsoup3-static	3	3	libsoundtouch-static
antibody	2	3	artalk
adms	2	16	ack-grep,dash
alpine	2	13	agg,dash
gpac	2	333	llvm,dash
0verkill	2	280	6tunnel
mercury-static	2	25	gauche-static,llbuild
cicada	2	3	ciso,dash
7zip-static	2	2	aalib-static
bison	2	35	byacc
bvi	2	9	dash,byacc
fakeroot	2	8	fasd,dash
file-static	2	2	libmagic-static
slang-static	2	2	libnftnl-static
libolm-static	2	2	libwpg-static
libpsl-static	2	4	libpinyin-static
libtiledb-static	2	3	libtomcrypt-static,libtommath-static
libnl-static	2	14	libnftnl-static
libopencc-static	2	2	libodfgen-static
libseccomp-static	2	4	libsass-static
libnl-cli	2	76	dash,slang
libretls-static	2	4	librasqal-static
libt3key-static	2	4	libspatialite-static
libnats-c-static	2	3	libnet-static
libosmium-static	2	2	libopusenc-static
libprotobuf-c-static	2	4	libneon-static
apkeep-static	1	1	argon2-static
axel	1	3	dash
alass	1	3	dash
-runtime-dbg-9.0	1	1	abseil-cpp
age	1	3	dash
anewer	1	3	amber
gperf	1	4	forgejo
angband	1	88	dash
gst-plugins-base-static	1	1	libstemmer-static
aptly-static	1	1	argon2-static
amfora	1	3	dash
gdb-static	1	2	cfengine-static
wavpack	1	9	dash
doctest	1	13	dash
discount	1	9	discordo
direvent	1	5	dash
diskus	1	2	dash
ccrypt	1	11	ccextractor
cgdb	1	4	dash
cavez-of-phear	1	17	dash
convertlit	1	2	dash
ccls-static	1	1	gpac-static
codecrypt	1	3	dash
cmark	1	12	dash
crawl-static	1	1	tidy-static
carapace	1	2	dash
ckermit	1	5	cicada
ccextractor	1	2	dash
chicken-static	1	2	jsoncpp-static
choose	1	2	cargo-leptos
ctags	1	47	dash
cmus	1	37	dash
cga-ri	1	1	cgal
l	1	1	ruby-ri
elipeak	1	1	elixir
etsh	1	22	teleport-tsh
eighird-party	1	1	eigen
bsd-finger	1	7	broot
b3sum	1	3	axel
base16384	1	6	dash
binutilpletion	1	1	binutils-cross
broot-static	1	1	botan3-static
blueprint-compiler	1	75	dash
babl	1	43	dash
borgbackup	1	100	dash
binwalk	1	3	dash
frei0r-plugins	1	167	dash
fennel	1	7	dash
fastmod	1	2	dash
tdb-tools	1	9	dash
tidy	1	9	dash
2048-c	1	2	dash
libtasn1	1	52	dash
libotr	1	35	dash
libwpg-static	1	3	liboggz
librasqal	1	9	dash
libsoundtouch	1	13	dash
plutolang	1	3	dash
pygobject	1	34	bmon
librime	1	16	dash
libnfc-static	1	4	libpopt-static
liborc	1	42	dash
libsigsegv-static	1	4	libshout-static
libsecret-static	1	2	libsecp256k1-static
libpano13	1	42	dash
libblocksruntime	1	2	libobjc2
libnftnl	1	16	dash
libsasl	1	59	dash
libnet	1	11	dash
libpluto-static	1	2	libpngwriter-static
libibdart	1	1	dcmtk
libpangomm-1.4	1	61	dash
libvisio	1	11	dash
